{"12/05/2021": {"ffcMean": 61.07666524251302}, "test": {"ffcMean": 57.69288762410482}}